ID,Title,Format,Fandom,X_vs_Y,Status,Views,Likes,Updated_At
SS_Whsrltyw,Marvel & DC Terms You've Been Mixing Up 😳 #marvel #dc #shorts,COMPILATION,Marvel,MCU vs Marvel Comics | DCU vs DCU | Canon vs continuity,POSTED,13426,340,2026-08-08
24D9j5PVxpk,Why Poseidon Is the Only God Zeus Fears #mythology #shorts,DEEPDIVE,Mythology,Zeus vs Poseidon,POSTED,1073,47,2026-08-08
SSWi3LdD7Rw,You Still Don't Know the Difference... 👀 #naruto #shorts #sharingan,DEEPDIVE,Anime,"Mungekyo-sharing gun vs Rinnegon, so what's the difference? Most people think they're the same",POSTED,1910,30,2026-08-08
-06ueSETfi4,What Makes Adamantium So Deadly? #wolverine #marvel #shorts,DEEPDIVE,Marvel,vibranium vs adamantium,POSTED,19742,521,2026-08-08
fUDVc6_tkJA,Same Powers? Not Even Close. 🤯 #dc #superman #shazam #knowthedifference,DEEPDIVE,DC,Superman vs Shazam,POSTED,24198,615,2026-08-08
K9aY42W4XsU,"Why Vision Is a New Life Form, Not JARVIS #marvel #mcu #shorts",DEEPDIVE,Marvel,,POSTED,20202,324,2026-08-08
fhw7mCQmgxY,This Is Why Strange Couldn't Stop Wanda #drstrange #wanda  #marvel,DEEPDIVE,Marvel,,POSTED,11877,137,2026-08-08
Zev_GbVoGeM,Why Thor Can NEVER Beat Odin #shorts #marvel,COMPILATION,Marvel,Strange vs Scarlet Witch | Thor vs Odin,POSTED,22313,651,2026-08-08
DcwyALZOaKk,CGI vs VFX: Everyone Gets This Wrong,COMPILATION,PopCulture,CGI vs VFX | CGI vs VFX,POSTED,2542,62,2026-08-08
dZdDrpmsX1s,Which Gauntlet Was Actually Stronger? #facts #marvel #didyouknow,DEEPDIVE,Marvel,Infinity Gauntlet vs Nano Gauntlet,POSTED,14429,174,2026-08-08
AHhNLTkpLPA,Venom's worst nightmare : Carnage #marvel #venom  #didyouknow,DEEPDIVE,Marvel,Venom vs Carnage,POSTED,23675,826,2026-08-08
TVWSUEcrzaM,You've been wrong about Dragons your whole life #mythology #facts #shorts,DEEPDIVE,Mythology,,POSTED,8092,75,2026-08-08
TNz-tzRiWik,99% of Marvel Fans Get This Wrong 🤯 #marvel #facts #didyouknow #mcu,DEEPDIVE,Marvel,,POSTED,10083,140,2026-08-08
cEHQHIzyqgQ,Loki vs Variant: Who is the real one? #loki #mcu #shorts,COMPILATION,Marvel,Loki vs Variant | Loki vs Variant Loki,POSTED,17000,225,2026-08-08
OuPpJLiexhY,Dracula Is NOT Just a Vampire #shorts  #dracula #vampire,DEEPDIVE,Mythology,a vampire vs Dracula,POSTED,4895,78,2026-08-08
endGwxK9o7I,Is Doctor Doom actually better than Iron Man? 🧐 #marvel #avengers,DEEPDIVE,Marvel,,POSTED,2583,44,2026-08-08
qG8SMt2OyOY,What's the difference?,COMPILATION,Marvel,poison vs venom | a turtle vs a tortoise | a frog vs a toad,POSTED,3396,59,2026-08-08
9JXcQ9S2W_8,Rich vs Wealthy: They're Not the Same,COMPILATION,PopCulture,Rich vs Wealthy | income vs revenue | price vs value | rich vs wealthy,POSTED,238,5,2026-08-08
SlpjrmcaAZ8,Mjolnir vs Stormbreaker: The Difference Explained,DEEPDIVE,Marvel,Mjolnir vs Stormbreaker,POSTED,8049,75,2026-08-08
GlUOpyZ3qaY,AI vs Machine Learning (They're NOT the Same),COMPILATION,PopCulture,AI vs Machine Learning | AI vs machine learning,POSTED,305,7,2026-08-08
fhEQC_B70Ys,Virus vs Bacteria (You're Probably Mixing Them Up),COMPILATION,PopCulture,Virus vs Bacteria | a virus vs a bacterium,POSTED,1618,17,2026-08-08
vGQmC18RlOg,Hero vs Anti-Hero: What's the Real Difference?,COMPILATION,PopCulture,Hero vs Anti | a hero vs an anti-hero,POSTED,15895,,2026-08-08
xmNmJtdJtpc,Protagonist vs Antagonist: The Twist Nobody Tells You,COMPILATION,DC,Protagonist vs Antagonist | a protagonist vs an antagonist,POSTED,3076,56,2026-08-08
9IpnD9DCY5s,6 Crime Terms Everyone Gets Wrong,COMPILATION,PopCulture,abduction vs kidnapping | assassination vs murder | burglary vs robbery | jail vs prison | manslaughter vs murder | treason vs espionage,POSTED,1112,24,2026-08-08
gemini_dd_01,Jedi vs Sith The Force Divide,DEEPDIVE,PopCulture,Jedi | Sith,REJECTED,0,0,2026-08-09
gemini_dd_02,Wizard vs Istari Middleearths ,DEEPDIVE,PopCulture,Wizard | Istari,IDEA,0,0,2026-08-08
gemini_dd_03,Genjutsu vs Ninjutsu Narutos J,DEEPDIVE,Anime,Genjutsu | Ninjutsu,IDEA,0,0,2026-08-08
gemini_dd_04,Legendary vs Mythical Pokémon,DEEPDIVE,PopCulture,Legendary Pokémon | Mythical Pokémon,IDEA,0,0,2026-08-08
gemini_dd_05,Metahuman vs Mutant DC and Mar,DEEPDIVE,Marvel,Metahuman | Mutant,IDEA,0,0,2026-08-08
gemini_comp_01,Marvel MixUp Avengers Inhumans,COMPILATION,Marvel,Avenger vs Defender | Inhuman vs Kree | Asgardian vs Jotun,IDEA,0,0,2026-08-08
gemini_comp_02,Star Wars Troopers Sabers  Gov,COMPILATION,PopCulture,Clone Trooper vs Stormtrooper | Lightsaber vs Darksaber | Republic vs Empire,IDEA,0,0,2026-08-08
gemini_comp_03,Harry Potter Magic Jobs  Trave,COMPILATION,PopCulture,Animagus vs Werewolf | Auror vs Hit-Wizard | Apparition vs Portkey,IDEA,0,0,2026-08-08
gemini_comp_04,Jujutsu Kaisen Sorcerers Curse,COMPILATION,PopCulture,Jujutsu Sorcerer vs Curse User | Cursed Spirit vs Curse | Domain Expansion vs Barrier Technique,POSTED,0,0,2026-08-08
opp_comp_02,3 DC Power Terms You've Been Mixing Up,COMPILATION,DC,Red Sun vs Yellow Sun | Lazarus Pit vs Venom Serum | Anti-Life Equation vs Mother Box,IDEA,0,0,2026-08-08
opp_comp_03,3 Anime Transformations People Mix Up,COMPILATION,Anime,Super Saiyan vs Kaioken | Bankai vs Shikai | Sage Mode vs Nine-Tails Chakra,IDEA,0,0,2026-08-08
opp_comp_05,3 Mythology Realms People Mix Up,COMPILATION,Mythology,Valhalla vs Folkvangr | Asgard vs Midgard | Tartarus vs Underworld,IDEA,0,0,2026-08-08
opp_comp_06,3 Transformers Factions You Mix Up,COMPILATION,PopCulture,Autobots vs Decepticons | Dinobots vs Predacons | Primus vs Unicron,IDEA,0,0,2026-08-08
opp_comp_08,3 Pop Culture AIs You Mix Up,COMPILATION,PopCulture,Skynet vs Ultron | JARVIS vs FRIDAY | HAL 9000 vs AUTO,IDEA,0,0,2026-08-08
opp_dc_03,Superman vs Homelander: Power vs Restraint,DEEPDIVE,DC,Superman vs Homelander,IDEA,0,0,2026-08-08
opp_marvel_01,Uru vs Vibranium: Which Metal Is Stronger?,DEEPDIVE,Marvel,Uru vs Vibranium,APPROVED,0,0,2026-08-09
opp_marvel_02,Wolverine vs Deadpool: Healing Factor Diff,DEEPDIVE,Marvel,Wolverine vs Deadpool,APPROVED,0,0,2026-08-09
opp_marvel_03,Infinity Stones vs Darkhold: Dark Magic,DEEPDIVE,Marvel,Infinity Stones vs Darkhold,APPROVED,0,0,2026-08-09
opp_marvel_04,Spider-Man vs Symbiote Spider-Man,DEEPDIVE,Marvel,Classic Spider-Man vs Black Suit Spider-Man,IDEA,0,0,2026-08-08
opp_dc_02,Speed Force vs Artificial Speed: Flash vs Reverse Flash,DEEPDIVE,DC,Positive Speed Force vs Negative Speed Force,IDEA,0,0,2026-08-09
opp_anime_01,Super Saiyan vs Super Saiyan God: Transformation Clash,DEEPDIVE,Anime,Super Saiyan vs Super Saiyan God,IDEA,0,0,2026-08-09
farq_islamic_01,Nabi vs Rasool: Farq Kya Hai?,DEEPDIVE,Islamic,Nabi vs Rasool,IDEA,0,0,2026-08-09
farq_islamic_02,Hajj vs Umrah: Farq Kya Hai?,DEEPDIVE,Islamic,Hajj vs Umrah,APPROVED,0,0,2026-08-09
farq_islamic_03,Fard vs Sunnah: Farq Kya Hai?,DEEPDIVE,Islamic,Fard vs Sunnah,IDEA,0,0,2026-08-09
farq_islamic_04,Zakat vs Sadaqah: Farq Kya Hai?,DEEPDIVE,Islamic,Zakat vs Sadaqah,APPROVED,0,0,2026-08-10
farq_islamic_05,Quran vs Hadith: Farq Kya Hai?,DEEPDIVE,Islamic,Quran vs Hadith,IDEA,0,0,2026-08-09
farq_islamic_06,Shirk vs Bidah: Farq Kya Hai?,DEEPDIVE,Islamic,Shirk vs Bidah,APPROVED,0,0,2026-08-09
farq_islamic_comp_03,Tahaarat Ibadat aur Maafi: Farq Kya Hai,COMPILATION,Islamic,Wudu vs Ghusl | Salah vs Dua | Tawbah vs Istighfar,IDEA,0,0,2026-08-10
farq_islamic_comp_04,Roza Kaffarah aur Jannah: Farq Kya Hai,COMPILATION,Islamic,Roza vs Qaza Roza | Kaffarah vs Fidyah | Jannah vs Firdaus,IDEA,0,0,2026-08-10
